{
    "remnant_mass": 0.952032939704,
    "remnant_dimensionless_spin": [
        5.25395868351e-08,
        -2.45673365593e-08,
        0.692085186818
    ]
}
